<?xml version="1.0" encoding="UTF-8"?>
<project-private xmlns="http://www.netbeans.org/ns/project-private/1">
    <editor-bookmarks xmlns="http://www.netbeans.org/ns/editor-bookmarks/2" lastBookmarkId="0"/>
    <open-files xmlns="http://www.netbeans.org/ns/projectui-open-files/2">
        <group>
            <file>file:/D:/Dropbox/Universidad/3º%20(IS)/IPC/Practicas-IPC/003-Microondas/src/micro/Comida.java</file>
            <file>file:/D:/Dropbox/Universidad/3º%20(IS)/IPC/Practicas-IPC/003-Microondas/src/micro/Horno.java</file>
        </group>
    </open-files>
</project-private>
